
-- phpMyAdmin SQL Dump
-- version 3.5.2.2
-- http://www.phpmyadmin.net
--
-- Host: localhost
-- Generation Time: Feb 06, 2017 at 09:08 AM
-- Server version: 10.0.28-MariaDB
-- PHP Version: 5.2.17

SET SQL_MODE="NO_AUTO_VALUE_ON_ZERO";
SET time_zone = "+00:00";


/*!40101 SET @OLD_CHARACTER_SET_CLIENT=@@CHARACTER_SET_CLIENT */;
/*!40101 SET @OLD_CHARACTER_SET_RESULTS=@@CHARACTER_SET_RESULTS */;
/*!40101 SET @OLD_COLLATION_CONNECTION=@@COLLATION_CONNECTION */;
/*!40101 SET NAMES utf8 */;

--
-- Database: `u982939190_ika`
--

-- --------------------------------------------------------

--
-- Table structure for table `admin`
--

CREATE TABLE IF NOT EXISTS `admin` (
  `id` int(11) NOT NULL AUTO_INCREMENT,
  `username` varchar(100) NOT NULL,
  `password` varchar(100) NOT NULL,
  PRIMARY KEY (`id`)
) ENGINE=MyISAM  DEFAULT CHARSET=latin1 AUTO_INCREMENT=2 ;

--
-- Dumping data for table `admin`
--

INSERT INTO `admin` (`id`, `username`, `password`) VALUES
(1, 'admin', 'admin');

-- --------------------------------------------------------

--
-- Table structure for table `barang`
--

CREATE TABLE IF NOT EXISTS `barang` (
  `id` int(11) NOT NULL AUTO_INCREMENT,
  `nama_barang` varchar(255) NOT NULL,
  `kategori` varchar(255) NOT NULL,
  `foto` varchar(255) NOT NULL,
  `total` varchar(255) NOT NULL,
  `deskripsi` text NOT NULL,
  `harga` double NOT NULL,
  `ukuran` varchar(255) NOT NULL,
  `tanggal` datetime NOT NULL,
  PRIMARY KEY (`id`)
) ENGINE=MyISAM  DEFAULT CHARSET=latin1 AUTO_INCREMENT=18 ;

--
-- Dumping data for table `barang`
--

INSERT INTO `barang` (`id`, `nama_barang`, `kategori`, `foto`, `total`, `deskripsi`, `harga`, `ukuran`, `tanggal`) VALUES
(1, 'Topi', 'Topi', 'topi3.jpg', '14', 'Bahan canvas', 139000, '', '2016-10-29 00:13:47'),
(7, 'Topi', 'Topi', 'topi1.jpg', '5', 'warna hitam putih', 135000, '', '2016-10-29 21:50:14'),
(8, 'Topi', 'Topi', 'topi2.jpg', '10', 'pilhan warna', 100000, '', '2016-10-31 17:23:36'),
(9, 'Gantungan', 'Gantungan', 'gan3.jpg', '5', 'lighting', 25000, '', '2016-10-31 17:24:02'),
(10, 'Gantungan', 'Gantungan', 'gan1.jpg', '3', 'Tanpa karat', 20000, '', '2016-10-31 17:29:37'),
(11, 'Gelang', 'Gantungan', 'gelang1.jpg', '5', 'Handmade', 15000, '12', '2016-10-31 17:29:59'),
(12, 'Act F1', 'Figure', 'act3.jpg', '10', 'Per Item', 35000, '', '2016-10-31 17:30:23'),
(13, 'Act F2', 'Figure', 'act1.jpg', '4', 'Per Item', 35000, '', '2016-10-31 17:30:39'),
(14, 'Keyboard', 'Keyboard', 'keyboard.jpg', '3', 'lighting', 350000, '', '2016-10-31 17:30:58'),
(15, 'Stick', 'Stick', 'stick.jpg', '2', 'Wireless', 150000, '', '2016-10-31 17:31:23'),
(16, 'Sepatu', 'Sepatu', 'sepatu1.jpg', '4', 'Ori', 490000, '40, 41, 42', '2016-10-31 17:31:45'),
(17, 'asasa', 'Gantungan', 'Web-Design.png', '90', 'jaskajs', 900, '90', '2016-10-31 17:33:52');

-- --------------------------------------------------------

--
-- Table structure for table `keranjang`
--

CREATE TABLE IF NOT EXISTS `keranjang` (
  `id` int(11) NOT NULL AUTO_INCREMENT,
  `id_barang` int(11) NOT NULL,
  `id_user` int(11) NOT NULL,
  `qty` int(11) NOT NULL,
  `harga` double NOT NULL,
  `ukuran` int(11) NOT NULL,
  `tanggal` datetime NOT NULL,
  PRIMARY KEY (`id`)
) ENGINE=MyISAM  DEFAULT CHARSET=latin1 AUTO_INCREMENT=2 ;

-- --------------------------------------------------------

--
-- Table structure for table `member`
--

CREATE TABLE IF NOT EXISTS `member` (
  `id` int(11) NOT NULL AUTO_INCREMENT,
  `nama` varchar(255) NOT NULL,
  `username` varchar(255) NOT NULL,
  `alamat` varchar(255) NOT NULL,
  `phone` varchar(255) NOT NULL,
  `email` varchar(255) NOT NULL,
  `password` varchar(255) NOT NULL,
  `foto` varchar(255) NOT NULL,
  PRIMARY KEY (`id`)
) ENGINE=MyISAM  DEFAULT CHARSET=latin1 AUTO_INCREMENT=502 ;

--
-- Dumping data for table `member`
--

INSERT INTO `member` (`id`, `nama`, `username`, `alamat`, `phone`, `email`, `password`, `foto`) VALUES
(1, 'ika', '', '', '', '', '', ''),
(2, 'ika', '', '', '', '', '', ''),
(3, 'ika', '', '', '', '', '', ''),
(4, 'ika', '', '', '', '', '', ''),
(5, 'ika', '', '', '', '', '', ''),
(6, 'ika', '', '', '', '', '', ''),
(7, 'ika', '', '', '', '', '', ''),
(8, 'ika', '', '', '', '', '', ''),
(9, 'ika', '', '', '', '', '', ''),
(10, 'ika', '', '', '', '', '', ''),
(11, 'ika', '', '', '', '', '', ''),
(12, 'ika', '', '', '', '', '', ''),
(13, 'ika', '', '', '', '', '', ''),
(14, 'ika', '', '', '', '', '', ''),
(15, 'ika', '', '', '', '', '', ''),
(16, 'ika', '', '', '', '', '', ''),
(17, 'ika', '', '', '', '', '', ''),
(18, 'ika', '', '', '', '', '', ''),
(19, 'ika', '', '', '', '', '', ''),
(20, 'ika', '', '', '', '', '', ''),
(21, 'ika', '', '', '', '', '', ''),
(22, 'ika', '', '', '', '', '', ''),
(23, 'ika', '', '', '', '', '', ''),
(24, 'ika', '', '', '', '', '', ''),
(25, 'ika', '', '', '', '', '', ''),
(26, 'ika', '', '', '', '', '', ''),
(27, 'ika', '', '', '', '', '', ''),
(28, 'ika', '', '', '', '', '', ''),
(29, 'ika', '', '', '', '', '', ''),
(30, 'ika', '', '', '', '', '', ''),
(31, 'ika', '', '', '', '', '', ''),
(32, 'ika', '', '', '', '', '', ''),
(33, 'ika', '', '', '', '', '', ''),
(34, 'ika', '', '', '', '', '', ''),
(35, 'ika', '', '', '', '', '', ''),
(36, 'ika', '', '', '', '', '', ''),
(37, 'ika', '', '', '', '', '', ''),
(38, 'ika', '', '', '', '', '', ''),
(39, 'ika', '', '', '', '', '', ''),
(40, 'ika', '', '', '', '', '', ''),
(41, 'ika', '', '', '', '', '', ''),
(42, 'ika', '', '', '', '', '', ''),
(43, 'ika', '', '', '', '', '', ''),
(44, 'ika', '', '', '', '', '', ''),
(45, 'ika', '', '', '', '', '', ''),
(46, 'ika', '', '', '', '', '', ''),
(47, 'ika', '', '', '', '', '', ''),
(48, 'ika', '', '', '', '', '', ''),
(49, 'ika', '', '', '', '', '', ''),
(50, 'ika', '', '', '', '', '', ''),
(51, 'ika', '', '', '', '', '', ''),
(52, 'ika', '', '', '', '', '', ''),
(53, 'ika', '', '', '', '', '', ''),
(54, 'ika', '', '', '', '', '', ''),
(55, 'ika', '', '', '', '', '', ''),
(56, 'ika', '', '', '', '', '', ''),
(57, 'ika', '', '', '', '', '', ''),
(58, 'ika', '', '', '', '', '', ''),
(59, 'ika', '', '', '', '', '', ''),
(60, 'ika', '', '', '', '', '', ''),
(61, 'ika', '', '', '', '', '', ''),
(62, 'ika', '', '', '', '', '', ''),
(63, 'ika', '', '', '', '', '', ''),
(64, 'ika', '', '', '', '', '', ''),
(65, 'ika', '', '', '', '', '', ''),
(66, 'ika', '', '', '', '', '', ''),
(67, 'ika', '', '', '', '', '', ''),
(68, 'ika', '', '', '', '', '', ''),
(69, 'ika', '', '', '', '', '', ''),
(70, 'ika', '', '', '', '', '', ''),
(71, 'ika', '', '', '', '', '', ''),
(72, 'ika', '', '', '', '', '', ''),
(73, 'ika', '', '', '', '', '', ''),
(74, 'ika', '', '', '', '', '', ''),
(75, 'ika', '', '', '', '', '', ''),
(76, 'ika', '', '', '', '', '', ''),
(77, 'ika', '', '', '', '', '', ''),
(78, 'ika', '', '', '', '', '', ''),
(79, 'ika', '', '', '', '', '', ''),
(80, 'ika', '', '', '', '', '', ''),
(81, 'ika', '', '', '', '', '', ''),
(82, 'ika', '', '', '', '', '', ''),
(83, 'ika', '', '', '', '', '', ''),
(84, 'ika', '', '', '', '', '', ''),
(85, 'ika', '', '', '', '', '', ''),
(86, 'ika', '', '', '', '', '', ''),
(87, 'ika', '', '', '', '', '', ''),
(88, 'ika', '', '', '', '', '', ''),
(89, 'ika', '', '', '', '', '', ''),
(90, 'ika', '', '', '', '', '', ''),
(91, 'ika', '', '', '', '', '', ''),
(92, 'ika', '', '', '', '', '', ''),
(93, 'ika', '', '', '', '', '', ''),
(94, 'ika', '', '', '', '', '', ''),
(95, 'ika', '', '', '', '', '', ''),
(96, 'ika', '', '', '', '', '', ''),
(97, 'ika', '', '', '', '', '', ''),
(98, 'ika', '', '', '', '', '', ''),
(99, 'ika', '', '', '', '', '', ''),
(100, 'ika', '', '', '', '', '', ''),
(101, 'ika', '', '', '', '', '', ''),
(102, 'ika', '', '', '', '', '', ''),
(103, 'ika', '', '', '', '', '', ''),
(104, 'ika', '', '', '', '', '', ''),
(105, 'ika', '', '', '', '', '', ''),
(106, 'ika', '', '', '', '', '', ''),
(107, 'ika', '', '', '', '', '', ''),
(108, 'ika', '', '', '', '', '', ''),
(109, 'ika', '', '', '', '', '', ''),
(110, 'ika', '', '', '', '', '', ''),
(111, 'ika', '', '', '', '', '', ''),
(112, 'ika', '', '', '', '', '', ''),
(113, 'ika', '', '', '', '', '', ''),
(114, 'ika', '', '', '', '', '', ''),
(115, 'ika', '', '', '', '', '', ''),
(116, 'ika', '', '', '', '', '', ''),
(117, 'ika', '', '', '', '', '', ''),
(118, 'ika', '', '', '', '', '', ''),
(119, 'ika', '', '', '', '', '', ''),
(120, 'ika', '', '', '', '', '', ''),
(121, 'ika', '', '', '', '', '', ''),
(122, 'ika', '', '', '', '', '', ''),
(123, 'ika', '', '', '', '', '', ''),
(124, 'ika', '', '', '', '', '', ''),
(125, 'ika', '', '', '', '', '', ''),
(126, 'ika', '', '', '', '', '', ''),
(127, 'ika', '', '', '', '', '', ''),
(128, 'ika', '', '', '', '', '', ''),
(129, 'ika', '', '', '', '', '', ''),
(130, 'ika', '', '', '', '', '', ''),
(131, 'ika', '', '', '', '', '', ''),
(132, 'ika', '', '', '', '', '', ''),
(133, 'ika', '', '', '', '', '', ''),
(134, 'ika', '', '', '', '', '', ''),
(135, 'ika', '', '', '', '', '', ''),
(136, 'ika', '', '', '', '', '', ''),
(137, 'ika', '', '', '', '', '', ''),
(138, 'ika', '', '', '', '', '', ''),
(139, 'ika', '', '', '', '', '', ''),
(140, 'ika', '', '', '', '', '', ''),
(141, 'ika', '', '', '', '', '', ''),
(142, 'ika', '', '', '', '', '', ''),
(143, 'ika', '', '', '', '', '', ''),
(144, 'ika', '', '', '', '', '', ''),
(145, 'ika', '', '', '', '', '', ''),
(146, 'ika', '', '', '', '', '', ''),
(147, 'ika', '', '', '', '', '', ''),
(148, 'ika', '', '', '', '', '', ''),
(149, 'ika', '', '', '', '', '', ''),
(150, 'ika', '', '', '', '', '', ''),
(151, 'ika', '', '', '', '', '', ''),
(152, 'ika', '', '', '', '', '', ''),
(153, 'ika', '', '', '', '', '', ''),
(154, 'ika', '', '', '', '', '', ''),
(155, 'ika', '', '', '', '', '', ''),
(156, 'ika', '', '', '', '', '', ''),
(157, 'ika', '', '', '', '', '', ''),
(158, 'ika', '', '', '', '', '', ''),
(159, 'ika', '', '', '', '', '', ''),
(160, 'ika', '', '', '', '', '', ''),
(161, 'ika', '', '', '', '', '', ''),
(162, 'ika', '', '', '', '', '', ''),
(163, 'ika', '', '', '', '', '', ''),
(164, 'ika', '', '', '', '', '', ''),
(165, 'ika', '', '', '', '', '', ''),
(166, 'ika', '', '', '', '', '', ''),
(167, 'ika', '', '', '', '', '', ''),
(168, 'ika', '', '', '', '', '', ''),
(169, 'ika', '', '', '', '', '', ''),
(170, 'ika', '', '', '', '', '', ''),
(171, 'ika', '', '', '', '', '', ''),
(172, 'ika', '', '', '', '', '', ''),
(173, 'ika', '', '', '', '', '', ''),
(174, 'ika', '', '', '', '', '', ''),
(175, 'ika', '', '', '', '', '', ''),
(176, 'ika', '', '', '', '', '', ''),
(177, 'ika', '', '', '', '', '', ''),
(178, 'ika', '', '', '', '', '', ''),
(179, 'ika', '', '', '', '', '', ''),
(180, 'ika', '', '', '', '', '', ''),
(181, 'ika', '', '', '', '', '', ''),
(182, 'ika', '', '', '', '', '', ''),
(183, 'ika', '', '', '', '', '', ''),
(184, 'ika', '', '', '', '', '', ''),
(185, 'ika', '', '', '', '', '', ''),
(186, 'ika', '', '', '', '', '', ''),
(187, 'ika', '', '', '', '', '', ''),
(188, 'ika', '', '', '', '', '', ''),
(189, 'ika', '', '', '', '', '', ''),
(190, 'ika', '', '', '', '', '', ''),
(191, 'ika', '', '', '', '', '', ''),
(192, 'ika', '', '', '', '', '', ''),
(193, 'ika', '', '', '', '', '', ''),
(194, 'ika', '', '', '', '', '', ''),
(195, 'ika', '', '', '', '', '', ''),
(196, 'ika', '', '', '', '', '', ''),
(197, 'ika', '', '', '', '', '', ''),
(198, 'ika', '', '', '', '', '', ''),
(199, 'ika', '', '', '', '', '', ''),
(200, 'ika', '', '', '', '', '', ''),
(201, 'ika', '', '', '', '', '', ''),
(202, 'ika', '', '', '', '', '', ''),
(203, 'ika', '', '', '', '', '', ''),
(204, 'ika', '', '', '', '', '', ''),
(205, 'ika', '', '', '', '', '', ''),
(206, 'ika', '', '', '', '', '', ''),
(207, 'ika', '', '', '', '', '', ''),
(208, 'ika', '', '', '', '', '', ''),
(209, 'ika', '', '', '', '', '', ''),
(210, 'ika', '', '', '', '', '', ''),
(211, 'ika', '', '', '', '', '', ''),
(212, 'ika', '', '', '', '', '', ''),
(213, 'ika', '', '', '', '', '', ''),
(214, 'ika', '', '', '', '', '', ''),
(215, 'ika', '', '', '', '', '', ''),
(216, 'ika', '', '', '', '', '', ''),
(217, 'ika', '', '', '', '', '', ''),
(218, 'ika', '', '', '', '', '', ''),
(219, 'ika', '', '', '', '', '', ''),
(220, 'ika', '', '', '', '', '', ''),
(221, 'ika', '', '', '', '', '', ''),
(222, 'ika', '', '', '', '', '', ''),
(223, 'ika', '', '', '', '', '', ''),
(224, 'ika', '', '', '', '', '', ''),
(225, 'ika', '', '', '', '', '', ''),
(226, 'ika', '', '', '', '', '', ''),
(227, 'ika', '', '', '', '', '', ''),
(228, 'ika', '', '', '', '', '', ''),
(229, 'ika', '', '', '', '', '', ''),
(230, 'ika', '', '', '', '', '', ''),
(231, 'ika', '', '', '', '', '', ''),
(232, 'ika', '', '', '', '', '', ''),
(233, 'ika', '', '', '', '', '', ''),
(234, 'ika', '', '', '', '', '', ''),
(235, 'ika', '', '', '', '', '', ''),
(236, 'ika', '', '', '', '', '', ''),
(237, 'ika', '', '', '', '', '', ''),
(238, 'ika', '', '', '', '', '', ''),
(239, 'ika', '', '', '', '', '', ''),
(240, 'ika', '', '', '', '', '', ''),
(241, 'ika', '', '', '', '', '', ''),
(242, 'ika', '', '', '', '', '', ''),
(243, 'ika', '', '', '', '', '', ''),
(244, 'ika', '', '', '', '', '', ''),
(245, 'ika', '', '', '', '', '', ''),
(246, 'ika', '', '', '', '', '', ''),
(247, 'ika', '', '', '', '', '', ''),
(248, 'ika', '', '', '', '', '', ''),
(249, 'ika', '', '', '', '', '', ''),
(250, 'ika', '', '', '', '', '', ''),
(251, 'ika', '', '', '', '', '', ''),
(252, 'ika', '', '', '', '', '', ''),
(253, 'ika', '', '', '', '', '', ''),
(254, 'ika', '', '', '', '', '', ''),
(255, 'ika', '', '', '', '', '', ''),
(256, 'ika', '', '', '', '', '', ''),
(257, 'ika', '', '', '', '', '', ''),
(258, 'ika', '', '', '', '', '', ''),
(259, 'ika', '', '', '', '', '', ''),
(260, 'ika', '', '', '', '', '', ''),
(261, 'ika', '', '', '', '', '', ''),
(262, 'ika', '', '', '', '', '', ''),
(263, 'ika', '', '', '', '', '', ''),
(264, 'ika', '', '', '', '', '', ''),
(265, 'ika', '', '', '', '', '', ''),
(266, 'ika', '', '', '', '', '', ''),
(267, 'ika', '', '', '', '', '', ''),
(268, 'ika', '', '', '', '', '', ''),
(269, 'ika', '', '', '', '', '', ''),
(270, 'ika', '', '', '', '', '', ''),
(271, 'ika', '', '', '', '', '', ''),
(272, 'ika', '', '', '', '', '', ''),
(273, 'ika', '', '', '', '', '', ''),
(274, 'ika', '', '', '', '', '', ''),
(275, 'ika', '', '', '', '', '', ''),
(276, 'ika', '', '', '', '', '', ''),
(277, 'ika', '', '', '', '', '', ''),
(278, 'ika', '', '', '', '', '', ''),
(279, 'ika', '', '', '', '', '', ''),
(280, 'ika', '', '', '', '', '', ''),
(281, 'ika', '', '', '', '', '', ''),
(282, 'ika', '', '', '', '', '', ''),
(283, 'ika', '', '', '', '', '', ''),
(284, 'ika', '', '', '', '', '', ''),
(285, 'ika', '', '', '', '', '', ''),
(286, 'ika', '', '', '', '', '', ''),
(287, 'ika', '', '', '', '', '', ''),
(288, 'ika', '', '', '', '', '', ''),
(289, 'ika', '', '', '', '', '', ''),
(290, 'ika', '', '', '', '', '', ''),
(291, 'ika', '', '', '', '', '', ''),
(292, 'ika', '', '', '', '', '', ''),
(293, 'ika', '', '', '', '', '', ''),
(294, 'ika', '', '', '', '', '', ''),
(295, 'ika', '', '', '', '', '', ''),
(296, 'ika', '', '', '', '', '', ''),
(297, 'ika', '', '', '', '', '', ''),
(298, 'ika', '', '', '', '', '', ''),
(299, 'ika', '', '', '', '', '', ''),
(300, 'ika', '', '', '', '', '', ''),
(301, 'ika', '', '', '', '', '', ''),
(302, 'ika', '', '', '', '', '', ''),
(303, 'ika', '', '', '', '', '', ''),
(304, 'ika', '', '', '', '', '', ''),
(305, 'ika', '', '', '', '', '', ''),
(306, 'ika', '', '', '', '', '', ''),
(307, 'ika', '', '', '', '', '', ''),
(308, 'ika', '', '', '', '', '', ''),
(309, 'ika', '', '', '', '', '', ''),
(310, 'ika', '', '', '', '', '', ''),
(311, 'ika', '', '', '', '', '', ''),
(312, 'ika', '', '', '', '', '', ''),
(313, 'ika', '', '', '', '', '', ''),
(314, 'ika', '', '', '', '', '', ''),
(315, 'ika', '', '', '', '', '', ''),
(316, 'ika', '', '', '', '', '', ''),
(317, 'ika', '', '', '', '', '', ''),
(318, 'ika', '', '', '', '', '', ''),
(319, 'ika', '', '', '', '', '', ''),
(320, 'ika', '', '', '', '', '', ''),
(321, 'ika', '', '', '', '', '', ''),
(322, 'ika', '', '', '', '', '', ''),
(323, 'ika', '', '', '', '', '', ''),
(324, 'ika', '', '', '', '', '', ''),
(325, 'ika', '', '', '', '', '', ''),
(326, 'ika', '', '', '', '', '', ''),
(327, 'ika', '', '', '', '', '', ''),
(328, 'ika', '', '', '', '', '', ''),
(329, 'ika', '', '', '', '', '', ''),
(330, 'ika', '', '', '', '', '', ''),
(331, 'ika', '', '', '', '', '', ''),
(332, 'ika', '', '', '', '', '', ''),
(333, 'ika', '', '', '', '', '', ''),
(334, 'ika', '', '', '', '', '', ''),
(335, 'ika', '', '', '', '', '', ''),
(336, 'ika', '', '', '', '', '', ''),
(337, 'ika', '', '', '', '', '', ''),
(338, 'ika', '', '', '', '', '', ''),
(339, 'ika', '', '', '', '', '', ''),
(340, 'ika', '', '', '', '', '', ''),
(341, 'ika', '', '', '', '', '', ''),
(342, 'ika', '', '', '', '', '', ''),
(343, 'ika', '', '', '', '', '', ''),
(344, 'ika', '', '', '', '', '', ''),
(345, 'ika', '', '', '', '', '', ''),
(346, 'ika', '', '', '', '', '', ''),
(347, 'ika', '', '', '', '', '', ''),
(348, 'ika', '', '', '', '', '', ''),
(349, 'ika', '', '', '', '', '', ''),
(350, 'ika', '', '', '', '', '', ''),
(351, 'ika', '', '', '', '', '', ''),
(352, 'ika', '', '', '', '', '', ''),
(353, 'ika', '', '', '', '', '', ''),
(354, 'ika', '', '', '', '', '', ''),
(355, 'ika', '', '', '', '', '', ''),
(356, 'ika', '', '', '', '', '', ''),
(357, 'ika', '', '', '', '', '', ''),
(358, 'ika', '', '', '', '', '', ''),
(359, 'ika', '', '', '', '', '', ''),
(360, 'ika', '', '', '', '', '', ''),
(361, 'ika', '', '', '', '', '', ''),
(362, 'ika', '', '', '', '', '', ''),
(363, 'ika', '', '', '', '', '', ''),
(364, 'ika', '', '', '', '', '', ''),
(365, 'ika', '', '', '', '', '', ''),
(366, 'ika', '', '', '', '', '', ''),
(367, 'ika', '', '', '', '', '', ''),
(368, 'ika', '', '', '', '', '', ''),
(369, 'ika', '', '', '', '', '', ''),
(370, 'ika', '', '', '', '', '', ''),
(371, 'ika', '', '', '', '', '', ''),
(372, 'ika', '', '', '', '', '', ''),
(373, 'ika', '', '', '', '', '', ''),
(374, 'ika', '', '', '', '', '', ''),
(375, 'ika', '', '', '', '', '', ''),
(376, 'ika', '', '', '', '', '', ''),
(377, 'ika', '', '', '', '', '', ''),
(378, 'ika', '', '', '', '', '', ''),
(379, 'ika', '', '', '', '', '', ''),
(380, 'ika', '', '', '', '', '', ''),
(381, 'ika', '', '', '', '', '', ''),
(382, 'ika', '', '', '', '', '', ''),
(383, 'ika', '', '', '', '', '', ''),
(384, 'ika', '', '', '', '', '', ''),
(385, 'ika', '', '', '', '', '', ''),
(386, 'ika', '', '', '', '', '', ''),
(387, 'ika', '', '', '', '', '', ''),
(388, 'ika', '', '', '', '', '', ''),
(389, 'ika', '', '', '', '', '', ''),
(390, 'ika', '', '', '', '', '', ''),
(391, 'ika', '', '', '', '', '', ''),
(392, 'ika', '', '', '', '', '', ''),
(393, 'ika', '', '', '', '', '', ''),
(394, 'ika', '', '', '', '', '', ''),
(395, 'ika', '', '', '', '', '', ''),
(396, 'ika', '', '', '', '', '', ''),
(397, 'ika', '', '', '', '', '', ''),
(398, 'ika', '', '', '', '', '', ''),
(399, 'ika', '', '', '', '', '', ''),
(400, 'ika', '', '', '', '', '', ''),
(401, 'ika', '', '', '', '', '', ''),
(402, 'ika', '', '', '', '', '', ''),
(403, 'ika', '', '', '', '', '', ''),
(404, 'ika', '', '', '', '', '', ''),
(405, 'ika', '', '', '', '', '', ''),
(406, 'ika', '', '', '', '', '', ''),
(407, 'ika', '', '', '', '', '', ''),
(408, 'ika', '', '', '', '', '', ''),
(409, 'ika', '', '', '', '', '', ''),
(410, 'ika', '', '', '', '', '', ''),
(411, 'ika', '', '', '', '', '', ''),
(412, 'ika', '', '', '', '', '', ''),
(413, 'ika', '', '', '', '', '', ''),
(414, 'ika', '', '', '', '', '', ''),
(415, 'ika', '', '', '', '', '', ''),
(416, 'ika', '', '', '', '', '', ''),
(417, 'ika', '', '', '', '', '', ''),
(418, 'ika', '', '', '', '', '', ''),
(419, 'ika', '', '', '', '', '', ''),
(420, 'ika', '', '', '', '', '', ''),
(421, 'ika', '', '', '', '', '', ''),
(422, 'ika', '', '', '', '', '', ''),
(423, 'ika', '', '', '', '', '', ''),
(424, 'ika', '', '', '', '', '', ''),
(425, 'ika', '', '', '', '', '', ''),
(426, 'ika', '', '', '', '', '', ''),
(427, 'ika', '', '', '', '', '', ''),
(428, 'ika', '', '', '', '', '', ''),
(429, 'ika', '', '', '', '', '', ''),
(430, 'ika', '', '', '', '', '', ''),
(431, 'ika', '', '', '', '', '', ''),
(432, 'ika', '', '', '', '', '', ''),
(433, 'ika', '', '', '', '', '', ''),
(434, 'ika', '', '', '', '', '', ''),
(435, 'ika', '', '', '', '', '', ''),
(436, 'ika', '', '', '', '', '', ''),
(437, 'ika', '', '', '', '', '', ''),
(438, 'ika', '', '', '', '', '', ''),
(439, 'ika', '', '', '', '', '', ''),
(440, 'ika', '', '', '', '', '', ''),
(441, 'ika', '', '', '', '', '', ''),
(442, 'ika', '', '', '', '', '', ''),
(443, 'ika', '', '', '', '', '', ''),
(444, 'ika', '', '', '', '', '', ''),
(445, 'ika', '', '', '', '', '', ''),
(446, 'ika', '', '', '', '', '', ''),
(447, 'ika', '', '', '', '', '', ''),
(448, 'ika', '', '', '', '', '', ''),
(449, 'ika', '', '', '', '', '', ''),
(450, 'ika', '', '', '', '', '', ''),
(451, 'ika', '', '', '', '', '', ''),
(452, 'ika', '', '', '', '', '', ''),
(453, 'ika', '', '', '', '', '', ''),
(454, 'ika', '', '', '', '', '', ''),
(455, 'ika', '', '', '', '', '', ''),
(456, 'ika', '', '', '', '', '', ''),
(457, 'ika', '', '', '', '', '', ''),
(458, 'ika', '', '', '', '', '', ''),
(459, 'ika', '', '', '', '', '', ''),
(460, 'ika', '', '', '', '', '', ''),
(461, 'ika', '', '', '', '', '', ''),
(462, 'ika', '', '', '', '', '', ''),
(463, 'ika', '', '', '', '', '', ''),
(464, 'ika', '', '', '', '', '', ''),
(465, 'ika', '', '', '', '', '', ''),
(466, 'ika', '', '', '', '', '', ''),
(467, 'ika', '', '', '', '', '', ''),
(468, 'ika', '', '', '', '', '', ''),
(469, 'ika', '', '', '', '', '', ''),
(470, 'ika', '', '', '', '', '', ''),
(471, 'ika', '', '', '', '', '', ''),
(472, 'ika', '', '', '', '', '', ''),
(473, 'ika', '', '', '', '', '', ''),
(474, 'ika', '', '', '', '', '', ''),
(475, 'ika', '', '', '', '', '', ''),
(476, 'ika', '', '', '', '', '', ''),
(477, 'ika', '', '', '', '', '', ''),
(478, 'ika', '', '', '', '', '', ''),
(479, 'ika', '', '', '', '', '', ''),
(480, 'ika', '', '', '', '', '', ''),
(481, 'ika', '', '', '', '', '', ''),
(482, 'ika', '', '', '', '', '', ''),
(483, 'ika', '', '', '', '', '', ''),
(484, 'ika', '', '', '', '', '', ''),
(485, 'ika', '', '', '', '', '', ''),
(486, 'ika', '', '', '', '', '', ''),
(487, 'ika', '', '', '', '', '', ''),
(488, 'ika', '', '', '', '', '', ''),
(489, 'ika', '', '', '', '', '', ''),
(490, 'ika', '', '', '', '', '', ''),
(491, 'ika', '', '', '', '', '', ''),
(492, 'ika', '', '', '', '', '', ''),
(493, 'ika', '', '', '', '', '', ''),
(494, 'ika', '', '', '', '', '', ''),
(495, 'ika', '', '', '', '', '', ''),
(496, 'ika', '', '', '', '', '', ''),
(497, 'ika', '', '', '', '', '', ''),
(498, 'ika', '', '', '', '', '', ''),
(499, 'ika', '', '', '', '', '', ''),
(500, 'ika', '', '', '', '', '', ''),
(501, 'ika', 'ikaumi', 'benda atas', '085813571712', 'keybarbarra@yahoo.co.id', 'jakarta1', '');

-- --------------------------------------------------------

--
-- Table structure for table `pemesanan`
--

CREATE TABLE IF NOT EXISTS `pemesanan` (
  `id` int(11) NOT NULL AUTO_INCREMENT,
  `id_member` int(11) NOT NULL,
  `id_barang` int(11) NOT NULL,
  `qty` int(11) NOT NULL,
  `status` int(11) NOT NULL DEFAULT '0',
  `bukti` varchar(255) NOT NULL,
  `harga` varchar(255) NOT NULL,
  `tanggal` datetime NOT NULL,
  PRIMARY KEY (`id`)
) ENGINE=MyISAM  DEFAULT CHARSET=latin1 AUTO_INCREMENT=12 ;

--
-- Dumping data for table `pemesanan`
--

INSERT INTO `pemesanan` (`id`, `id_member`, `id_barang`, `qty`, `status`, `bukti`, `harga`, `tanggal`) VALUES
(1, 1, 1, 4, 1, 'Jellyfish.jpg', '1600000', '2016-10-29 19:11:39'),
(2, 1, 8, 1, 1, 'web-designer.jpg', '100', '2016-11-01 18:02:31'),
(3, 4, 14, 1, 1, 'IMG_20150724_162034.jpg', '90', '2016-11-04 11:19:24'),
(8, 4, 1, 1, 0, '', '139000', '2016-11-07 20:36:14'),
(9, 4, 7, 1, 0, '', '135,000', '2016-11-07 21:13:13'),
(10, 4, 8, 1, 0, '', '100000', '2016-11-07 21:15:56'),
(11, 501, 1, 1, 1, 'Desert.jpg', '139000', '2016-11-30 12:17:39');

/*!40101 SET CHARACTER_SET_CLIENT=@OLD_CHARACTER_SET_CLIENT */;
/*!40101 SET CHARACTER_SET_RESULTS=@OLD_CHARACTER_SET_RESULTS */;
/*!40101 SET COLLATION_CONNECTION=@OLD_COLLATION_CONNECTION */;
